Rng Run, Number of Flows, Throughput [bps],, Tx Packets,, Rx Packets,, Lost Packets,, Lost Ratio [%],, PHY Tx Packets,, Useful Traffic Ratio [%],,E2E Delay Min [ms],, E2E Delay Max [ms],, E2E Delay Average [ms],, E2E Delay Median Estimate [ms],, E2E Delay Jitter [ms],, Sim. Duration
, , all flows avg, all packets avg, all flows avg, all packets avg, all flows avg, all packets avg, all flows avg, all packets avg, all flows avg, all packets avg  , all flows avg, all packets avg, all flows avg, all packets avg, all flows avg, all packets avg, all flows avg, all packets avg, all flows avg, all packets avg  , all flows avg, all packets avg, all packets avg, all packets avg, [min], [day hour min sec]
1,10,2668.53,26661.1,488,4880,324.9,3249,163.1,1631,33.4221,33.4221,,58479,,1.14622,1.93525,0.870416,1657.34,3264.82,24.8936,20.6903,2.815,2.85,124.263,128.421,73.3036,0d 1h 13m 18s
2,10,1984.37,19826.7,488,4880,241.6,2416,246.4,2464,50.4918,50.4918,,41599,,1.06592,2.51585,0.870736,2065.03,4233,40.0836,34.9415,4.605,3.75,190.694,202.051,78.7452,0d 1h 18m 44s
3,10,2002.45,20008.8,488,4880,243.8,2438,244.2,2442,50.041,50.041,,49991,,1.06425,2.61253,0.871128,1836.37,3652.2,38.406,35.4584,4.425,4.75,171.481,176.243,79.0963,0d 1h 19m 5s
4,10,2622.38,26202.5,488,4880,319.3,3193,168.7,1687,34.5697,34.5697,,53829,,1.17595,1.83852,0.870845,1338.98,3317.11,20.3079,18.0767,2.455,2.85,101.953,113.477,72.0074,0d 1h 12m 0s
5,10,2405.73,24042.9,488,4880,292.9,2929,195.1,1951,39.9795,39.9795,,20936,,1.2012,2.61226,0.870519,1660.15,3727.6,37.4421,30.8019,5.925,4.75,154.428,166.286,69.5621,0d 1h 9m 33s
6,10,2384.38,23823.1,488,4880,290.3,2903,197.7,1977,40.5123,40.5123,,56565,,1.09128,2.41896,0.870651,1642.56,3810.1,36.7966,27.0096,3.76,3.75,159.312,186.394,77.5262,0d 1h 17m 31s
7,10,2595.89,25922.7,488,4880,316.1,3161,171.9,1719,35.2254,35.2254,,10267,,1.13329,2.41751,0.870847,1377.67,3466.35,26.5167,24.6933,3.46,3.15,114.852,134.12,74.725,0d 1h 14m 43s
8,10,2246.4,22447.8,488,4880,273.5,2735,214.5,2145,43.9549,43.9549,,11893,,1.08231,2.51536,1.83775,1417.04,3482.75,35.3704,30.1293,4.005,3.05,136.814,146.026,76.9625,0d 1h 16m 57s
9,10,2236.53,22346.3,488,4880,272.3,2723,215.7,2157,44.2008,44.2008,,43830,,1.09567,2.32237,0.871004,1617.99,3210.86,32.232,28.0265,3.805,2.85,143.314,150.271,76.696,0d 1h 16m 41s
10,10,1811.9,18106.8,488,4880,220.6,2206,267.4,2674,54.7951,54.7951,,1549,,1.13743,3.3862,2.8054,2331.76,4601.68,63.8567,54.9921,6.385,5.75,246.502,284.504,72.778,0d 1h 12m 46s
11,10,2131.4,21298.6,488,4880,259.5,2595,228.5,2285,46.8238,46.8238,,58130,,1.13105,2.22549,1.83791,2314.34,4131.11,40.7328,35.1332,4.075,3.75,197.238,203.019,73.6276,0d 1h 13m 37s
12,10,2059.96,20585.1,488,4880,250.8,2508,237.2,2372,48.6066,48.6066,,736,,1.08061,2.70918,0.871566,1752.03,3642.03,44.6916,35.8803,5.105,3.95,179.97,187.106,76.6204,0d 1h 16m 37s
13,10,2506.77,25049.3,488,4880,305.2,3052,182.8,1828,37.459,37.459,,36633,,1.17629,2.22551,0.87099,2119.59,10080.9,49.3672,44.1656,4.05,2.85,212.391,391.886,72.0713,0d 1h 12m 4s
14,10,2274.32,22723,488,4880,276.9,2769,211.1,2111,43.2582,43.2582,,30442,,1.19684,2.41895,0.870419,1410.9,3266.24,35.7518,28.9312,4.355,3.75,138.969,151.367,70.0732,0d 1h 10m 4s
15,10,2880.46,28780.3,488,4880,350.7,3507,137.3,1373,28.1352,28.1352,,62697,,1.17394,2.12635,0.848234,1471.72,4151.1,26.9341,24.0499,2.91,2.85,130.756,158.245,73.0414,0d 1h 13m 2s
16,10,2393.41,23911.7,488,4880,291.4,2914,196.6,1966,40.2869,40.2869,,34823,,1.09837,2.12859,0.870837,1290.02,4177.01,27.8691,24.7887,3.83,2.85,114.686,139.831,76.4326,0d 1h 16m 25s
17,10,1987.62,19857.6,488,4880,242,2420,246,2460,50.4098,50.4098,,45728,,1.1311,2.70936,1.83784,1604.75,4465.42,37.324,35.7681,4.615,4.8,152.666,178.634,73.1652,0d 1h 13m 9s
18,10,2328.53,23264.4,488,4880,283.5,2835,204.5,2045,41.9057,41.9057,,21201,,1.09585,2.70937,0.871612,1596.51,3733.1,32.8909,30.5544,4.565,4.75,143.719,169.307,76.3986,0d 1h 16m 23s
19,10,2219.05,22147.9,488,4880,270.2,2702,217.8,2178,44.6311,44.6311,,48655,,1.14039,2.12878,0.870835,1516.28,3636.96,35.4013,29.6466,4.11,3.75,151.195,159.208,74.4344,0d 1h 14m 26s
20,10,2192.18,21909.1,488,4880,266.9,2669,221.1,2211,45.3074,45.3074,,56879,,1.10093,2.89799,1.79294,2704.42,3736.83,67.421,53.6163,5.415,4.75,289.205,283.703,76.15,0d 1h 16m 8s
21,10,2312.91,23109.5,488,4880,281.6,2816,206.4,2064,42.2951,42.2951,,56041,,1.1626,2.41884,0.870355,1852.2,4231.63,33.6328,29.6084,4.2,3.75,158.186,174.401,72.3238,0d 1h 12m 19s
22,10,2224.19,22222.5,488,4880,270.8,2708,217.2,2172,44.5082,44.5082,,48390,,1.112,2.70914,0.871285,1140.73,3042.03,26.8768,23.708,4.68,4.55,103.261,117.346,76.6465,0d 1h 16m 38s
23,10,2302.23,23002.8,488,4880,280.3,2803,207.7,2077,42.5615,42.5615,,18199,,1.14553,2.41884,0.8716,2169.95,4083.66,51.4035,40.202,4.49,3.75,215.552,229.083,73.2681,0d 1h 13m 16s
24,10,2681.62,26791.7,488,4880,326.5,3265,161.5,1615,33.0943,33.0943,,4932,,1.16237,2.3219,0.870709,1613.41,3026.82,28.4696,26.9056,3.215,2.85,134.785,137.1,73.0372,0d 1h 13m 2s
25,10,2343.3,23412,488,4880,285.3,2853,202.7,2027,41.5369,41.5369,,1677,,1.13429,2.32223,0.871391,1825.23,4261.07,35.3348,31.51,3.64,3.15,169.956,199.217,74.6574,0d 1h 14m 39s
26,10,2465.68,24640.4,488,4880,300.2,3002,187.8,1878,38.4836,38.4836,,52314,,1.1626,2.03203,0.870629,1753.42,3471.2,29.6434,27.5759,3.375,3.05,144.08,152.752,72.4874,0d 1h 12m 29s
27,10,2229.11,22272.1,488,4880,271.4,2714,216.6,2166,44.3852,44.3852,,65358,,1.08442,2.51559,0.871148,2333.52,4608.48,43.1019,40.3008,4.685,4.65,211.254,228.448,76.7507,0d 1h 16m 45s
28,10,2112.5,21106.1,488,4880,257.2,2572,230.8,2308,47.2951,47.2951,,46504,,1.12811,3.09599,1.83808,1544.82,3794.83,47.287,40.0259,5.08,4.75,165.958,208.823,72.8531,0d 1h 12m 51s
29,10,2336.44,23348.2,488,4880,284.5,2845,203.5,2035,41.7008,41.7008,,23109,,1.20839,2.32232,0.870775,1554.19,3545.97,28.5237,23.7275,3.68,2.85,127.155,143.481,68.3412,0d 1h 8m 20s
30,10,2328.47,23265.9,488,4880,283.5,2835,204.5,2045,41.9057,41.9057,,14255,,1.09894,2.12902,1.83791,1929.61,3705.24,42.0712,39.9902,4.125,3.75,179.651,201.48,76.7295,0d 1h 16m 43s
31,10,2454.99,24528.2,488,4880,298.9,2989,189.1,1891,38.75,38.75,,6220,,1.18466,2.12864,0.870661,2439.76,3964.76,43.4456,36.6884,3.59,3.75,208.671,220.163,71.7131,0d 1h 11m 42s
32,10,2236.52,22350.1,488,4880,272.3,2723,215.7,2157,44.2008,44.2008,,46313,,1.10923,2.41893,0.871196,2091.7,3966.61,38.3904,36.3872,4.96,4.75,183.224,207.688,76.4318,0d 1h 16m 25s
33,10,2091.98,20902.6,488,4880,254.7,2547,233.3,2333,47.8074,47.8074,,50522,,1.11636,2.3223,0.871162,865.874,2039,23.6218,20.2944,3.915,3.75,84.2588,90.701,75.1817,0d 1h 15m 10s
34,10,2014.76,20131.3,488,4880,245.3,2453,242.7,2427,49.7336,49.7336,,64229,,1.12324,2.80576,1.83783,2277.21,4635.07,53.53,51.7377,4.66,4.75,232.273,275.248,74.9261,0d 1h 14m 55s
35,10,2516.61,25141.9,488,4880,306.4,3064,181.6,1816,37.2131,37.2131,,61717,,1.16315,2.03226,0.871305,1556.67,3945.02,28.5501,26.3478,2.93,2.85,134.741,168.612,72.8983,0d 1h 12m 53s
36,10,1579.44,15785,488,4880,192.3,1923,295.7,2957,60.5943,60.5943,,36847,,1.06357,2.8986,0.871516,1891.09,3801.38,65.0698,50.2518,5.645,4.75,237.955,246.703,78.3096,0d 1h 18m 18s
37,10,2481.31,24794.7,488,4880,302.1,3021,185.9,1859,38.0943,38.0943,,48652,,1.09164,2.12398,0.823957,1177.82,1960.03,25.2615,23.0431,3.54,3.75,101.313,105.778,77.7971,0d 1h 17m 47s
38,10,2925.66,29231.6,488,4880,356.2,3562,131.8,1318,27.0082,27.0082,,31012,,1.13867,1.64517,0.87115,1373.45,3957.23,22.5721,19.33,2.46,1.85,109.276,127.456,73.8553,0d 1h 13m 51s
39,10,1783.91,17826,488,4880,217.2,2172,270.8,2708,55.4918,55.4918,,38423,,1.1298,2.90283,0.871243,1534.56,3740.73,71.4387,44.494,9.135,4.75,202.14,199.987,73.4217,0d 1h 13m 25s
40,10,1891.5,18897.7,488,4880,230.3,2303,257.7,2577,52.8074,52.8074,,7519,,1.09266,2.70934,1.83799,1526.3,3956.97,40.8332,38.3812,5.75,4.75,154.481,182.33,77.0916,0d 1h 17m 5s
41,10,1941.68,19400.7,488,4880,236.4,2364,251.6,2516,51.5574,51.5574,,33758,,1.11172,3.09628,1.83867,1467.42,3853.36,42.7635,35.7502,4.865,4.75,160.143,213.773,74.3024,0d 1h 14m 18s
42,10,2671.83,26696.8,488,4880,325.3,3253,162.7,1627,33.3402,33.3402,,27341,,1.20887,1.74129,0.866126,1803.57,5257.81,29.8577,26.2909,2.82,2.85,143.428,162.672,70.2746,0d 1h 10m 16s
43,10,2550.27,25477,488,4880,310.5,3105,177.5,1775,36.373,36.373,,61362,,1.13396,2.3222,1.83775,2098.79,5121.33,38.2325,38.3005,3.51,3.75,180.217,227.717,73.7922,0d 1h 13m 47s
44,10,2238.19,22367.3,488,4880,272.5,2725,215.5,2155,44.1598,44.1598,,34340,,1.16979,2.03209,0.871466,1307.38,3700.35,28.3558,25.9624,3.64,3.05,117.742,136.502,71.8994,0d 1h 11m 53s
45,10,2193.79,21917.5,488,4880,267.1,2671,220.9,2209,45.2664,45.2664,,46444,,1.08757,2.90264,0.871379,1873.5,3873.81,48.6224,42.856,5.33,4.75,193.794,241.061,76.5859,0d 1h 16m 35s
46,10,2545.31,25429.6,488,4880,309.9,3099,178.1,1781,36.4959,36.4959,,59431,,1.11311,2.03201,0.870903,1780.87,3574.89,38.6693,31.264,3.81,2.85,173.684,191.501,74.916,0d 1h 14m 54s
47,10,1972.86,19712.5,488,4880,240.2,2402,247.8,2478,50.7787,50.7787,,38641,,1.08639,2.41918,0.871151,2936.15,3954.13,80.3592,68.7488,5.73,4.75,313.71,324.724,75.7803,0d 1h 15m 46s
48,10,1825.87,18250.9,488,4880,222.3,2223,265.7,2657,54.4467,54.4467,,57949,,1.10622,2.41875,0.870236,1666.28,3134.14,50.5941,38.2652,5.41,3.95,180.828,182.18,75.7915,0d 1h 15m 47s
49,10,2365.49,23636,488,4880,288,2880,200,2000,40.9836,40.9836,,61344,,1.14153,2.32238,0.870956,1945.07,3747.04,51.145,33.0896,4.39,2.85,214.311,215.156,73.3983,0d 1h 13m 23s
50,10,2575.75,25736.3,488,4880,313.6,3136,174.4,1744,35.7377,35.7377,,49281,,1.14897,1.83878,0.871108,1433.56,3572.87,26.3593,22.4815,3,2.85,117.733,134.704,73.0633,0d 1h 13m 3s
51,10,2565.08,25631.5,488,4880,312.3,3123,175.7,1757,36.0041,36.0041,,19885,,1.12738,2.1287,0.870846,1408.02,2895.75,26.0384,24.6202,4.98,4.05,116.928,121.475,74.6192,0d 1h 14m 37s
52,10,2586.41,25844.4,488,4880,314.9,3149,173.1,1731,35.4713,35.4713,,52150,,1.19187,2.41887,0.87118,1579.56,3483.77,28.1956,27.2211,3.59,3.75,125.541,149.858,69.1444,0d 1h 9m 8s
53,10,2296.43,22942.2,488,4880,279.6,2796,208.4,2084,42.7049,42.7049,,42318,,1.09121,2.51591,0.871136,1372.58,3270.66,31.1463,29.2119,4.045,3.75,128.318,137.606,75.9692,0d 1h 15m 58s
54,10,2042.69,20407.9,488,4880,248.7,2487,239.3,2393,49.0369,49.0369,,4016,,1.09681,3.28957,1.83831,2229.14,4142.51,36.9132,36.1448,5.2,4.75,185.399,206.367,75.9611,0d 1h 15m 57s
55,10,2309.61,23075.9,488,4880,281.2,2812,206.8,2068,42.377,42.377,,22406,,1.09825,2.90278,0.870585,1835.96,3682.14,37.3121,32.0353,4.8,4.75,164.218,183.204,77.2339,0d 1h 17m 14s
56,10,2254.6,22524.9,488,4880,274.5,2745,213.5,2135,43.75,43.75,,20999,,1.09134,2.70914,0.871034,2314.28,5386.67,45.165,42.3327,4.585,4.75,207.03,245.061,77.3846,0d 1h 17m 23s
57,10,2555.99,25537.5,488,4880,311.2,3112,176.8,1768,36.2295,36.2295,,15752,,1.15224,2.51274,0.843976,1358.17,2494.26,26.1701,24.9256,3.69,3.75,113.048,124.575,71.6435,0d 1h 11m 38s
58,10,2363.01,23612,488,4880,287.7,2877,200.3,2003,41.0451,41.0451,,17940,,1.15292,2.03175,0.870815,1743.25,3628.61,38.0995,33.7267,3.565,3.75,158.216,175.99,72.9994,0d 1h 12m 59s
59,10,2084.56,20831.8,488,4880,253.8,2538,234.2,2342,47.9918,47.9918,,37616,,1.08896,2.61252,0.871657,905.314,1296.93,31.8092,28.5492,4.42,3.95,106.942,105.091,77.0704,0d 1h 17m 4s
60,10,2192.98,21908.4,488,4880,267,2670,221,2210,45.2869,45.2869,,58262,,1.1109,2.41684,0.871298,1859.73,3960.68,36.6002,32.7842,3.755,3.75,169.822,192.004,75.2837,0d 1h 15m 17s
61,10,2281.69,22797.1,488,4880,277.8,2778,210.2,2102,43.0738,43.0738,,54029,,1.08847,2.2206,0.821923,2200.07,4162.68,45.4416,37.7547,4.505,3.75,220.654,239.046,77.8124,0d 1h 17m 48s
62,10,1900.57,18992.3,488,4880,231.4,2314,256.6,2566,52.582,52.582,,64171,,1.09689,2.99927,0.871084,2620.52,4958.24,86.1839,58.9219,9.09,4.75,295.919,303.189,75.7471,0d 1h 15m 44s
63,10,2678.42,26765.2,488,4880,326.1,3261,161.9,1619,33.1762,33.1762,,56448,,1.14893,1.93539,0.870801,2094.44,3830.88,34.818,23.5673,2.7,1.85,176.534,181.449,74.1472,0d 1h 14m 8s
64,10,1904.71,19029.3,488,4880,231.9,2319,256.1,2561,52.4795,52.4795,,40169,,1.0666,2.99945,0.871611,1508.95,3806.72,39.1344,31.289,4.99,4.75,158.983,165.775,79.2467,0d 1h 19m 14s
65,10,1879.19,18774.8,488,4880,228.8,2288,259.2,2592,53.1148,53.1148,,63092,,1.08231,2.99921,1.83801,2300.63,3814.25,56.6519,43.6635,5.375,3.75,243.496,236.219,78.1451,0d 1h 18m 8s
66,10,2216.79,22149.4,488,4880,269.9,2699,218.1,2181,44.6926,44.6926,,61772,,1.13276,2.80583,0.870722,1082.34,3364.39,25.859,21.5615,4.57,3.75,95.7429,111.734,73.6057,0d 1h 13m 36s
67,10,2363.85,23620.9,488,4880,287.8,2878,200.2,2002,41.0246,41.0246,,5053,,1.12784,2.32235,0.87076,2245.17,4133.38,43.0059,39.4297,4.255,3.75,202.576,221.275,74.2391,0d 1h 14m 14s
68,10,2435.3,24330.6,488,4880,296.5,2965,191.5,1915,39.2418,39.2418,,40807,,1.12429,1.74182,0.870087,1657.25,3142.95,28.3254,25.1319,2.94,2.85,136.25,150.228,74.5816,0d 1h 14m 34s
69,10,2859.91,28576.3,488,4880,348.2,3482,139.8,1398,28.6475,28.6475,,38848,,1.19138,1.64012,0.870367,1220.07,3148.86,14.866,12.9055,2.29,1.5,88.3291,102.194,70.4401,0d 1h 10m 26s
70,10,2634.87,26323.1,488,4880,320.8,3208,167.2,1672,34.2623,34.2623,,15486,,1.13806,1.8386,0.870822,1399.53,5124.38,25.4007,22.2879,2.915,2.85,112.402,146.662,74.0342,0d 1h 14m 2s
71,10,2087.05,20858.4,488,4880,254.1,2541,233.9,2339,47.9303,47.9303,,48275,,1.11038,2.51175,0.832774,2206.21,5775.61,37.6466,34.2083,4.04,3.75,194.335,238.906,75.1289,0d 1h 15m 7s
72,10,2102.6,21006.9,488,4880,256,2560,232,2320,47.541,47.541,,57103,,1.11027,2.41906,0.871028,1612.99,4114.64,40.3138,35.3339,4.255,3.75,168.048,200.253,73.8907,0d 1h 13m 53s
73,10,2425.43,24231,488,4880,295.3,2953,192.7,1927,39.4877,39.4877,,34787,,1.17244,2.51557,0.870598,1723.55,4289.78,27.7417,25.4348,3.775,3.75,133.5,146.103,71.7838,0d 1h 11m 47s
74,10,2661.13,26587.9,488,4880,324,3240,164,1640,33.6066,33.6066,,56716,,1.14672,1.83854,0.870149,1725.6,5453.75,46.3369,33.6809,3.33,2.85,191.142,228.587,74.6394,0d 1h 14m 38s
75,10,1880.08,18784.5,488,4880,228.9,2289,259.1,2591,53.0943,53.0943,,17006,,1.11469,2.99925,0.871206,2075.87,3632.37,55.7026,42.2159,6.48,5.75,210.128,215.695,73.4126,0d 1h 13m 24s
76,10,2123.69,21199.3,488,4880,258.6,2586,229.4,2294,47.0082,47.0082,,1566,,1.08014,2.6126,1.83819,2900.39,4579.32,51.7729,47.3112,4.665,4.75,260.735,277.51,75.6328,0d 1h 15m 37s
77,10,2790.09,27873.7,488,4880,339.7,3397,148.3,1483,30.3893,30.3893,,20044,,1.18483,1.93111,0.830943,1654.93,4359.41,30.3874,26.4936,2.63,2.85,139.482,170.834,71.0231,0d 1h 11m 1s
78,10,2058.31,20568.3,488,4880,250.6,2506,237.4,2374,48.6475,48.6475,,26233,,1.13778,2.80606,1.83776,1867.17,3790.07,47.2561,42.7864,5.2,4.75,189.093,196.899,73.7664,0d 1h 13m 45s
79,10,2222.55,22207.5,488,4880,270.6,2706,217.4,2174,44.5492,44.5492,,56057,,1.13463,2.41516,1.80118,2106.73,5073.29,34.3969,33.2,3.8,3.75,172.331,211.221,73.8942,0d 1h 13m 53s
80,10,2289.11,22869.9,488,4880,278.7,2787,209.3,2093,42.8893,42.8893,,26607,,1.08233,2.32214,0.870788,2072.27,4768.86,39.8101,30.8488,3.33,2.85,189.84,216.546,77.8925,0d 1h 17m 53s
81,10,2709.63,27071.7,488,4880,329.9,3299,158.1,1581,32.3975,32.3975,,27463,,1.18774,2.12853,0.870365,1386.95,2971.53,20.9275,19.1175,2.945,2.85,100.684,115.295,70.6235,0d 1h 10m 37s
82,10,1983.51,19809.8,488,4880,241.5,2415,246.5,2465,50.5123,50.5123,,34891,,1.09299,2.70929,0.870938,1408.38,3493.27,32.4277,27.8809,4.565,4.75,134.005,146.635,75.7244,0d 1h 15m 43s
83,10,2023.67,20196.3,488,4880,246.4,2464,241.6,2416,49.5082,49.5082,,51053,,1.10833,2.41889,0.871061,1750.02,4142.51,51.5602,39.8675,5.015,3.75,194.316,225.159,74.1846,0d 1h 14m 11s
84,10,2019.7,20179.3,488,4880,245.9,2459,242.1,2421,49.6107,49.6107,,25881,,1.04782,2.70934,0.87106,1288.59,3575.33,34.7129,32.8873,4.515,4.75,132.536,151.509,80.4131,0d 1h 20m 24s
85,10,2100.18,20988.5,488,4880,255.7,2557,232.3,2323,47.6025,47.6025,,50546,,1.13643,2.22556,0.870812,2718.05,9264.21,45.1115,39.6321,4.525,3.75,239.044,325.908,73.3585,0d 1h 13m 21s
86,10,2174.93,21732.7,488,4880,264.8,2648,223.2,2232,45.7377,45.7377,,53240,,1.10446,2.80592,1.83797,1696.34,5119.13,42.0103,42.1695,4.39,4.75,170.163,228.052,75.5981,0d 1h 15m 35s
87,10,2056.67,20547.8,488,4880,250.4,2504,237.6,2376,48.6885,48.6885,,29537,,1.11833,2.51574,1.83794,1954.95,3948.26,38.5253,37.567,4.13,3.75,173.448,212.351,74.7066,0d 1h 14m 42s
88,10,2787.61,27855.4,488,4880,339.4,3394,148.6,1486,30.4508,30.4508,,40973,,1.17904,2.02726,0.870506,1590.69,4480.87,23.6274,20.8636,3.24,2.85,117.6,138.423,71.7821,0d 1h 11m 46s
89,10,2265.28,22636,488,4880,275.8,2758,212.2,2122,43.4836,43.4836,,25790,,1.12254,2.22569,0.87146,1917.12,3588.19,33.4713,31.8967,3.775,3.75,162.218,178.396,74.7639,0d 1h 14m 45s
90,10,2049.28,20473.9,488,4880,249.5,2495,238.5,2385,48.873,48.873,,46573,,1.15967,2.80583,0.871395,1847.29,3515.8,35.8278,33.4725,4.09,4.75,162.684,181.095,72.6399,0d 1h 12m 38s
91,10,2291.57,22897.7,488,4880,279,2790,209,2090,42.8279,42.8279,,54376,,1.08907,2.32234,0.870758,1337.03,3469.72,30.3729,25.2669,3.765,3.75,122.072,137.36,77.7449,0d 1h 17m 44s
92,10,2243.84,22418.7,488,4880,273.2,2732,214.8,2148,44.0164,44.0164,,730,,1.13194,2.22559,0.871693,2016.47,3984.11,38.4253,36.1701,3.59,3.75,180.913,210.08,74.4486,0d 1h 14m 26s
93,10,2740.03,27378.2,488,4880,333.6,3336,154.4,1544,31.6393,31.6393,,14159,,1.13933,2.03177,0.870367,2167.61,4480.87,35.1459,30.2612,3.24,2.85,180.138,193.71,74.7639,0d 1h 14m 45s
94,10,1999.95,19985.5,488,4880,243.5,2435,244.5,2445,50.1025,50.1025,,57866,,1.10528,2.51599,0.870922,1846.36,3093.95,52.6146,42.0265,5.3,4.75,200.657,196.878,75.6812,0d 1h 15m 40s
95,10,2101.77,20997,488,4880,255.9,2559,232.1,2321,47.5615,47.5615,,39792,,1.16109,2.3223,1.83814,2364.57,4009.92,47.0053,45.5956,4.5,4.75,213.49,233.783,71.4158,0d 1h 11m 24s
96,10,2624.2,26218.7,488,4880,319.5,3195,168.5,1685,34.5287,34.5287,,54970,,1.17061,2.12636,0.848981,1701.13,5818.95,30.3465,26.3219,3.085,2.85,146.931,194.947,72.0647,0d 1h 12m 3s
97,10,1461.97,14611.5,488,4880,178,1780,310,3100,63.5246,63.5246,,25692,,1.03754,3.28978,1.83835,2948.36,4799.25,105.938,92.2008,9.715,5.75,378.1,399.854,79.6997,0d 1h 19m 41s
98,10,2082.9,20809.3,488,4880,253.6,2536,234.4,2344,48.0328,48.0328,,4701,,1.1281,2.80579,0.871363,1563.29,3582.2,35.6357,32.7439,5.72,4.75,144.735,158.83,74.0385,0d 1h 14m 2s
99,10,2341.66,23397.8,488,4880,285.1,2851,202.9,2029,41.5779,41.5779,,48282,,1.14278,2.22572,0.870149,1476.37,3643.72,27.4395,24.9933,3.52,2.85,126.311,156.204,72.4184,0d 1h 12m 25s
100,10,2498.53,24963.9,488,4880,304.2,3042,183.8,1838,37.6639,37.6639,,25075,,1.10307,2.22572,0.870861,2564.37,9361.65,33.4778,30.9588,3.51,3.75,190.018,241.236,77.0428,0d 1h 17m 2s
101,10,2108.39,21065.3,488,4880,256.7,2567,231.3,2313,47.3975,47.3975,,65299,,1.10482,2.61253,0.871591,1783,4124.92,32.2761,30.9318,4.32,4.75,155.274,192.174,75.8692,0d 1h 15m 52s
102,10,2069.8,20682.7,488,4880,252,2520,236,2360,48.3607,48.3607,,3783,,1.11784,2.80607,1.83844,1825,3631.51,41.2093,40.1101,4.855,4.75,167.309,187.702,73.91,0d 1h 13m 54s
103,10,2200.15,21952.5,488,4880,267.9,2679,220.1,2201,45.1025,45.1025,,34744,,1.11229,2.41899,1.83774,1725.72,3525.75,39.3654,36.6994,4.695,3.75,161.378,171.396,74.5072,0d 1h 14m 30s
104,10,2127.26,21253.6,488,4880,259,2590,229,2290,46.9262,46.9262,,41645,,1.08566,2.32206,0.870816,2628.24,6456.39,51.1782,47.7448,4.265,3.75,248.445,310.328,76.756,0d 1h 16m 45s
105,10,2331.76,23296.8,488,4880,283.9,2839,204.1,2041,41.8238,41.8238,,41676,,1.14509,2.41876,0.870336,1505.02,4015.81,31.3581,24.4673,4.07,3.45,141.973,173.277,74.3194,0d 1h 14m 19s
106,10,2066.51,20644.9,488,4880,251.6,2516,236.4,2364,48.4426,48.4426,,60405,,1.08088,2.90272,0.871452,1451.95,2984.72,36.082,34.1105,4.56,4.75,148.363,164.364,76.7769,0d 1h 16m 46s
107,10,2357.24,23554.1,488,4880,287,2870,201,2010,41.1885,41.1885,,55297,,1.16034,2.51556,0.870213,1422,3150.1,36.1759,27.5354,4.985,2.85,141.573,142.185,72.1451,0d 1h 12m 8s
108,10,2176.59,21745.2,488,4880,265,2650,223,2230,45.6967,45.6967,,4591,,1.10671,2.70925,0.870821,1756.03,3992.49,41.6508,35.7807,4.475,2.85,175.286,203.419,76.014,0d 1h 16m 0s
109,10,2023.77,20218.3,488,4880,246.4,2464,241.6,2416,49.5082,49.5082,,6586,,1.07164,2.90037,1.81561,1836.26,3739.16,45.5287,40.6855,5.3,4.75,180.577,199.789,77.5007,0d 1h 17m 30s
110,10,2334.28,23322.7,488,4880,284.2,2842,203.8,2038,41.7623,41.7623,,58767,,1.18789,2.60976,0.845777,1502.24,3553.93,27.5978,25.3455,4.06,3.75,124.425,138.78,71.5555,0d 1h 11m 33s
111,10,2220.91,22192.4,488,4880,270.4,2704,217.6,2176,44.5902,44.5902,,10237,,1.12709,2.61239,0.870393,2692.94,4137.61,61.1726,48.9132,4.44,3.75,261.766,267.772,76.0599,0d 1h 16m 3s
112,10,2206.15,22045.7,488,4880,268.6,2686,219.4,2194,44.959,44.959,,61570,,1.24353,2.32241,0.871373,1654.61,4483.63,31.3326,29.5547,3.97,3.75,143.126,181.741,66.8957,0d 1h 6m 53s
113,10,2002.41,20006.1,488,4880,243.8,2438,244.2,2442,50.041,50.041,,57286,,1.05693,3.5797,1.83787,2052.01,3974.61,40.7006,37.8645,5.435,5.75,181.297,197.955,79.0754,0d 1h 19m 4s
114,10,2412.26,24107.3,488,4880,293.7,2937,194.3,1943,39.8156,39.8156,,50459,,1.15844,2.60971,0.842513,2103.86,4113.43,43.1814,37.8848,4.27,4.75,192.54,202.881,71.3366,0d 1h 11m 20s
115,10,2243.94,22423.1,488,4880,273.2,2732,214.8,2148,44.0164,44.0164,,62403,,1.09054,2.32223,0.870564,1256.05,2130.32,25.5196,23.1633,3.97,3.75,107.452,112.833,77.3203,0d 1h 17m 19s
116,10,2552.76,25502.9,488,4880,310.8,3108,177.2,1772,36.3115,36.3115,,19325,,1.15444,2.22024,0.819042,2519.27,4651.85,40.2046,37.7111,3.36,3.75,213.534,233.945,71.5281,0d 1h 11m 31s
117,10,2270.2,22686.5,488,4880,276.4,2764,211.6,2116,43.3607,43.3607,,46827,,1.16022,2.32233,0.870681,2409.6,3571.62,48.0909,41.3706,5.135,3.75,218.709,225.222,73.2609,0d 1h 13m 15s
118,10,2083.75,20821.1,488,4880,253.7,2537,234.3,2343,48.0123,48.0123,,56803,,1.10461,2.41564,1.80562,2453.57,3702.31,56.4993,50.2484,5.32,3.75,235.005,244.785,75.683,0d 1h 15m 40s
119,10,2227.49,22254.8,488,4880,271.2,2712,216.8,2168,44.4262,44.4262,,10838,,1.12895,2.5157,0.87117,2017.15,3672.41,44.335,30.8041,4.395,2.85,192.798,190.376,73.8539,0d 1h 13m 51s
120,10,2583.95,25816.3,488,4880,314.6,3146,173.4,1734,35.5328,35.5328,,12489,,1.16027,2.02646,0.816318,1579.23,3885.07,31.5665,26.3367,3.32,2.85,143.82,165.944,73.273,0d 1h 13m 16s
121,10,2689.08,26867.7,488,4880,327.4,3274,160.6,1606,32.9098,32.9098,,18139,,1.08701,1.9352,0.870787,2124.9,3872.56,32.5836,26.3794,3.335,2.85,171.92,187.629,78.691,0d 1h 18m 41s
122,10,1958.11,19564.2,488,4880,238.4,2384,249.6,2496,51.1475,51.1475,,2452,,1.12149,2.61257,1.83815,2210.83,4127.68,46.078,43.6085,5.4,4.75,208.569,227.048,72.9174,0d 1h 12m 55s
123,10,2162.62,21607.8,488,4880,263.3,2633,224.7,2247,46.0451,46.0451,,36903,,1.09298,2.61238,0.870688,1576.75,4296.72,32.3149,27.977,4.5,3.75,136.928,155.848,76.9369,0d 1h 16m 56s
124,10,2560.14,25577.4,488,4880,311.7,3117,176.3,1763,36.127,36.127,,39987,,1.12152,2.41887,0.870814,1479.78,3009.09,26.3638,25.3488,3.72,3.75,118.243,134.352,75.4832,0d 1h 15m 28s
125,10,2280.08,22782.2,488,4880,277.6,2776,210.4,2104,43.1148,43.1148,,26971,,1.12321,2.31848,0.834737,1978.14,3955.11,38.3496,35.1854,4.885,4.25,171.116,191.031,74.4329,0d 1h 14m 25s
126,10,1969.6,19679.3,488,4880,239.8,2398,248.2,2482,50.8607,50.8607,,45132,,1.06411,2.61232,0.871255,1841.75,3495.35,55.0488,39.8134,7.235,3.75,190.498,197.175,80.2425,0d 1h 20m 14s
127,10,2394.22,23924.5,488,4880,291.5,2915,196.5,1965,40.2664,40.2664,,41269,,1.14547,2.41825,0.864574,2101.79,4104.67,43.7451,35.4067,4.325,2.85,194.589,219.494,72.7049,0d 1h 12m 42s
128,10,2019.65,20178.8,488,4880,245.9,2459,242.1,2421,49.6107,49.6107,,8524,,1.14757,2.90253,1.83786,1282.86,3790.34,32.5262,30.6535,4.76,4.75,128.533,143.997,73.149,0d 1h 13m 8s
129,10,2674.32,26719.3,488,4880,325.6,3256,162.4,1624,33.2787,33.2787,,7388,,1.18793,2.12845,0.870107,1455.47,3640.08,31.8303,25.1602,3.16,2.85,139.554,160.758,70.7175,0d 1h 10m 43s
130,10,2342.43,23403.5,488,4880,285.2,2852,202.8,2028,41.5574,41.5574,,7160,,1.14919,2.51116,0.87147,2039.11,3956.52,40.9729,35.3026,4.17,3.75,184.089,210.638,72.5669,0d 1h 12m 34s
131,10,2259.5,22576.8,488,4880,275.1,2751,212.9,2129,43.627,43.627,,40234,,1.13763,2.12883,0.871367,2279.05,4807.63,54.1987,43.3444,5.185,3.75,224.358,231.335,73.5491,0d 1h 13m 32s
132,10,1895.42,18922.6,488,4880,230.8,2308,257.2,2572,52.7049,52.7049,,53458,,1.12593,3.28978,0.871466,2881.6,10080.9,70.3025,72.5847,6.435,5.75,313.143,469.894,73.4369,0d 1h 13m 26s
133,10,2068.88,20672.6,488,4880,251.9,2519,236.1,2361,48.3811,48.3811,,64407,,1.13111,2.12889,0.870997,2000.17,4107.36,59.3764,48.8769,4.81,3.75,224.44,249.48,74.337,0d 1h 14m 20s
134,10,2230.77,22291.7,488,4880,271.6,2716,216.4,2164,44.3443,44.3443,,33245,,1.06725,2.61239,1.83772,2297.09,3953.99,47.0956,42.7754,4.47,4.75,210.812,219.776,78.3598,0d 1h 18m 21s
135,10,2381.05,23793.8,488,4880,289.9,2899,198.1,1981,40.5943,40.5943,,20210,,1.15493,2.03208,0.871133,2420.57,5324.65,34.6937,30.3186,4.435,2.85,187.931,211.896,72.399,0d 1h 12m 23s
136,10,1878.12,18740.7,488,4880,228.7,2287,259.3,2593,53.1352,53.1352,,27335,,1.0887,2.80579,0.871362,1705.03,3728.66,52.2494,47.1199,5.555,5.15,181.474,200.28,75.9716,0d 1h 15m 58s
137,10,2084.58,20828.1,488,4880,253.8,2538,234.2,2342,47.9918,47.9918,,20235,,1.09702,2.60967,0.870911,2099.22,4619.91,40.1844,35.2981,4.28,4.45,189.672,214.067,76.782,0d 1h 16m 46s
138,10,2034.49,20326.5,488,4880,247.7,2477,240.3,2403,49.2418,49.2418,,32334,,1.13994,2.90272,0.871466,978.078,3492.59,28.9632,25.0134,4.7,4.75,103.096,122.643,73.1983,0d 1h 13m 11s
139,10,2347.4,23453.5,488,4880,285.8,2858,202.2,2022,41.4344,41.4344,,23712,,1.08107,2.61131,0.870636,2736.1,4106.1,56.0161,39.9342,4.29,3.75,265.914,256.113,78.9476,0d 1h 18m 56s
140,10,1764.06,17606.6,488,4880,214.8,2148,273.2,2732,55.9836,55.9836,,29369,,1.08573,3.19285,1.83869,2432.09,3787.07,60.7375,58.633,6.14,5.75,248.477,275.975,76.2488,0d 1h 16m 14s
141,10,2721.13,27193.9,488,4880,331.3,3313,156.7,1567,32.1107,32.1107,,31084,,1.15588,1.93255,0.84411,1284.57,3553.5,26.6102,22.8366,3.03,2.85,118.718,147.321,73.6825,0d 1h 13m 40s
142,10,2128.12,21266.5,488,4880,259.1,2591,228.9,2289,46.9057,46.9057,,29474,,1.14183,2.12871,0.871187,1170.92,2645.4,40.549,33.5119,4.575,2.85,133.242,138.605,74.0443,0d 1h 14m 2s
143,10,2432.81,24310.2,488,4880,296.2,2962,191.8,1918,39.3033,39.3033,,60446,,1.16557,2.03195,0.871361,1194.25,3706.67,26.5179,23.0372,3.175,2.85,109.67,125.678,73.1134,0d 1h 13m 6s
144,10,2551.92,25497.2,488,4880,310.7,3107,177.3,1773,36.332,36.332,,11653,,1.16008,2.41862,0.870293,2143.53,4707.84,37.3686,36.1054,3.465,3.45,183.932,232.062,72.6456,0d 1h 12m 38s
145,10,2324.43,23223.5,488,4880,283,2830,205,2050,42.0082,42.0082,,40728,,1.19429,2.32229,0.870666,1706.66,6033.66,35.0403,31.879,5.17,3.9,151.615,201.096,69.9347,0d 1h 9m 56s
146,10,2567.53,25653.1,488,4880,312.6,3126,175.4,1754,35.9426,35.9426,,28102,,1.1511,2.12863,0.870582,1364.63,3655.08,37.1027,27.6193,5.115,3.15,143.166,165.532,73.5646,0d 1h 13m 33s
147,10,1879.25,18778.7,488,4880,228.8,2288,259.2,2592,53.1148,53.1148,,13618,,1.11891,2.61256,0.871419,1590.89,3702.69,54.7655,44.6279,6.675,4.75,188.344,212.361,74.8275,0d 1h 14m 49s
148,10,2996.26,29935.3,488,4880,364.8,3648,123.2,1232,25.2459,25.2459,,43596,,1.15598,1.74074,0.859762,1282.61,3920.87,19.9878,19.2939,2.41,2.25,95.5866,147.878,73.6664,0d 1h 13m 39s
149,10,2403.25,24010.9,488,4880,292.6,2926,195.4,1954,40.041,40.041,,49899,,1.09742,2.51557,0.870341,1521.77,3733.7,34.7763,25.6348,4.435,3.4,137.36,160.403,78.4175,0d 1h 18m 25s
150,10,2331.82,23302.2,488,4880,283.9,2839,204.1,2041,41.8238,41.8238,,15256,,1.18002,2.22556,0.870985,2181.35,9040.87,42.8714,46.4933,3.82,3.55,205.786,368.135,71.933,0d 1h 11m 55s
151,10,2164.24,21621.4,488,4880,263.5,2635,224.5,2245,46.0041,46.0041,,38517,,1.11607,2.90246,0.870651,1935.32,3729.66,68.6127,49.5784,5.13,3.75,237.218,264.322,74.9888,0d 1h 14m 59s
152,10,2357.26,23556,488,4880,287,2870,201,2010,41.1885,41.1885,,9634,,1.15623,2.32201,0.870732,1485.22,3938.84,33.6929,29.6543,4.43,2.85,139.849,154.072,71.4444,0d 1h 11m 26s
153,10,2461.58,24595.7,488,4880,299.7,2997,188.3,1883,38.5861,38.5861,,62736,,1.13598,2.41897,0.870642,2227.66,3959.83,40.98,32.4636,3.59,3.25,197.738,211.756,73.4771,0d 1h 13m 28s
154,10,2456.75,24519.6,488,4880,299.2,2992,188.8,1888,38.6885,38.6885,,39827,,1.09685,2.51292,1.82216,1998.59,4147.42,35.0801,34.174,3.54,3.75,172.318,208.166,77.2336,0d 1h 17m 14s
155,10,2205.32,22034,488,4880,268.5,2685,219.5,2195,44.9795,44.9795,,3298,,1.08061,2.80579,0.870498,2070.92,3631.25,55.7776,42.036,5.435,3.75,213.092,220.044,77.6779,0d 1h 17m 40s
156,10,2076.35,20747.4,488,4880,252.8,2528,235.2,2352,48.1967,48.1967,,46515,,1.10316,2.99937,1.83793,2022.04,4265.34,39.3128,40.4458,4.945,4.75,184.095,233.715,75.8091,0d 1h 15m 48s
157,10,2824.47,28220,488,4880,343.9,3439,144.1,1441,29.5287,29.5287,,8467,,1.17823,1.83484,0.834598,1998.82,4489.21,35.9651,28.1396,2.51,0.85,181.606,227.358,72.8422,0d 1h 12m 50s
158,10,1988.23,19852.7,488,4880,242.1,2421,245.9,2459,50.3893,50.3893,,58617,,1.20684,2.12874,0.87163,1487.52,3991.44,34.2098,32.7466,4.32,2.95,140.338,169.612,69.6027,0d 1h 9m 36s
159,10,1875.13,18735.8,488,4880,228.3,2283,259.7,2597,53.2172,53.2172,,69,,1.05688,2.80587,0.871122,1733.91,4485.28,41.791,36.9337,5.33,4.75,176.534,198.697,79.5726,0d 1h 19m 34s
160,10,2418.88,24167.3,488,4880,294.5,2945,193.5,1935,39.6516,39.6516,,56630,,1.21608,2.41892,0.87163,1369.44,3555.21,28.8617,26.8144,3.53,3.75,122.413,144.672,69.6878,0d 1h 9m 41s
161,10,2284.95,22827.1,488,4880,278.2,2782,209.8,2098,42.9918,42.9918,,61265,,1.11206,2.22178,0.832196,1626.51,3627,23.5967,22.8952,3.74,3.75,120.588,136.803,76.9112,0d 1h 16m 54s
162,10,1985.13,19833.7,488,4880,241.7,2417,246.3,2463,50.4713,50.4713,,25442,,1.10444,2.80579,1.83779,2236.62,3756.05,58.3313,49.4128,7.74,6.45,223.868,240.31,74.486,0d 1h 14m 29s
163,10,2450.09,24481.8,488,4880,298.3,2983,189.7,1897,38.873,38.873,,51162,,1.14709,2.22558,0.87043,1579.96,4537.05,31.9582,24.6362,3.505,2.85,146.499,173.063,74.4752,0d 1h 14m 28s
164,10,1990.13,19884.4,488,4880,242.3,2423,245.7,2457,50.3484,50.3484,,21344,,1.07183,3.09643,0.871416,2029.61,4480.87,39.2757,39.1713,5.385,5.75,180.205,217.744,78.3295,0d 1h 18m 19s
165,10,2387.65,23855,488,4880,290.7,2907,197.3,1973,40.4303,40.4303,,4193,,1.21688,2.12887,0.871315,1045.02,1685.91,20.5632,19.8611,2.91,2.85,84.3219,87.7076,69.7138,0d 1h 9m 42s
166,10,2776.99,27743.7,488,4880,338.1,3381,149.9,1499,30.7172,30.7172,,15995,,1.14098,2.03198,0.870697,1295.82,3021.73,24.0619,20.2403,2.86,2.85,108.517,130.741,75.9257,0d 1h 15m 55s
167,10,2046.78,20448.6,488,4880,249.2,2492,238.8,2388,48.9344,48.9344,,9495,,1.10228,2.61242,0.871008,1534.29,3470.37,34.3258,29.2027,4.29,3.75,146.752,155.139,76.6465,0d 1h 16m 38s
168,10,2200.35,21979.6,488,4880,267.9,2679,220.1,2201,45.1025,45.1025,,48945,,1.13599,2.80568,0.870588,1199.38,2996.84,27.5019,23.8868,4.475,3.95,107.007,120.599,73.7126,0d 1h 13m 42s
169,10,2303.89,23023.2,488,4880,280.5,2805,207.5,2075,42.5205,42.5205,,42766,,1.25068,2.03192,0.870831,2091.5,5530.89,46.1312,40.1478,4.29,2.85,210.287,265.046,67.2333,0d 1h 7m 14s
170,10,2287.47,22853,488,4880,278.5,2785,209.5,2095,42.9303,42.9303,,40947,,1.11627,2.51581,0.870986,1194.1,2859.13,35.7832,25.8268,5.67,2.85,125.737,127.018,75.3187,0d 1h 15m 19s
171,10,2091.16,20892.4,488,4880,254.6,2546,233.4,2334,47.8279,47.8279,,56817,,1.10513,2.8061,1.83931,1822.95,3653.42,43.9583,41.6823,4.53,4.75,179.032,236.878,76.3567,0d 1h 16m 21s
172,10,1552.35,15514.4,488,4880,189,1890,299,2990,61.2705,61.2705,,31540,,1.10702,2.7093,0.871278,2019.21,3504.91,53.5856,48.9817,7.215,6.45,208.146,225.983,75.7169,0d 1h 15m 43s
173,10,2916.54,29140.9,488,4880,355.1,3551,132.9,1329,27.2336,27.2336,,18936,,1.14378,1.64496,0.870943,1156.79,2416.54,22.1793,20.0459,2.26,1.85,94.9469,109.589,75.0577,0d 1h 15m 3s
174,10,1687.88,16868.1,488,4880,205.5,2055,282.5,2825,57.8893,57.8893,,463,,1.08777,3.77304,2.80589,2822.72,5260.68,85.9131,82.4072,7.27,6.65,322.172,386.596,75.5126,0d 1h 15m 30s
175,10,2165.83,21639.4,488,4880,263.7,2637,224.3,2243,45.9631,45.9631,,63925,,1.08542,2.7041,0.822792,1886.03,4115.1,45.0211,38.2828,4.755,4.25,192.088,221.051,77.8649,0d 1h 17m 51s
176,10,2672.59,26702.7,488,4880,325.4,3254,162.6,1626,33.3197,33.3197,,32411,,1.11149,1.7416,0.87045,1626.57,4104.94,24.1532,22.2709,2.52,2.15,123.301,147.439,77.0841,0d 1h 17m 5s
177,10,2225.86,22238.4,488,4880,271,2710,217,2170,44.4672,44.4672,,26142,,1.14411,2.21995,0.871206,1906.74,3622.96,36.2593,31.6418,3.82,3.75,168.885,189.562,74.3319,0d 1h 14m 19s
178,10,1770.83,17694.8,488,4880,215.6,2156,272.4,2724,55.8197,55.8197,,23276,,1.06862,2.70922,0.871037,2400.39,3680.24,51.5457,47.5686,4.87,4.75,230.505,240.847,78.895,0d 1h 18m 53s
179,10,2468.96,24674.8,488,4880,300.6,3006,187.4,1874,38.4016,38.4016,,33283,,1.14547,2.22544,0.87118,2092.51,4547.32,41.3456,34.323,3.905,2.85,179.166,199.992,74.3789,0d 1h 14m 22s
180,10,2225.04,22237.7,488,4880,270.9,2709,217.1,2171,44.4877,44.4877,,24125,,1.09921,2.12762,0.870813,1466.14,2858.19,30.0469,26.7434,3.455,3.75,131.082,140.226,77.2127,0d 1h 17m 12s
181,10,2390.94,23889.3,488,4880,291.1,2911,196.9,1969,40.3484,40.3484,,40320,,1.11899,2.51558,0.871077,1462.89,3026.6,29.2239,26.1187,4.89,3.75,122.821,132.417,76.6822,0d 1h 16m 40s
182,10,1574.53,15736.4,488,4880,191.7,1917,296.3,2963,60.7172,60.7172,,36250,,1.08125,2.70913,1.83801,1908.9,3703.96,68.906,59.3389,8.785,4.75,221.226,256.334,76.467,0d 1h 16m 28s
183,10,1974.53,19729.9,488,4880,240.4,2404,247.6,2476,50.7377,50.7377,,19367,,1.11605,3.09607,0.871004,1260.95,2016.04,35.1527,31.2721,5.04,5.15,129.87,131.342,75.0967,0d 1h 15m 5s
184,10,2490.34,24884.7,488,4880,303.2,3032,184.8,1848,37.8689,37.8689,,3674,,1.16664,1.93531,0.870564,1527.34,3558.02,36.6623,27.9758,3.405,1.85,139.758,161.708,72.9074,0d 1h 12m 54s
185,10,2174.12,21726.7,488,4880,264.7,2647,223.3,2233,45.7582,45.7582,,60205,,1.11203,2.41863,0.870831,1956.67,3827.39,56.1509,33.2595,5.1,2.85,210.047,205.353,75.1821,0d 1h 15m 10s
186,10,2271.04,22692.2,488,4880,276.5,2765,211.5,2115,43.3402,43.3402,,10363,,1.12812,1.93381,0.870812,1243.62,3510.9,29.1773,24.1917,5.365,2.85,116.189,129.136,74.8368,0d 1h 14m 50s
187,10,2121.5,21197.7,488,4880,258.3,2583,229.7,2297,47.0697,47.0697,,14068,,1.07531,2.41909,0.871406,2090.34,4137.1,52.25,47.0619,4.59,3.75,216.795,246.154,78.1867,0d 1h 18m 11s
188,10,2234.04,22321.7,488,4880,272,2720,216,2160,44.2623,44.2623,,33825,,1.09219,2.70935,0.870737,1467.91,4678.45,28.9104,23.6018,4.94,4.75,122.786,136.816,77.7289,0d 1h 17m 43s
189,10,2297,22950.5,488,4880,279.7,2797,208.3,2083,42.6844,42.6844,,41860,,1.17581,2.03203,0.871245,1412.18,3021.58,27.2955,23.5779,3.34,2.85,118.898,128.058,72.0379,0d 1h 12m 2s
190,10,2170.01,21686.3,488,4880,264.2,2642,223.8,2238,45.8607,45.8607,,34036,,1.12211,2.03198,0.870823,1476.31,4480.87,28.3263,27.1158,3.96,2.85,127.909,160.525,75.9137,0d 1h 15m 54s
191,10,2564.25,25618.3,488,4880,312.2,3122,175.8,1758,36.0246,36.0246,,63695,,1.13708,2.22546,0.870642,1496.33,3936.1,33.0286,26.4065,3.73,2.85,136.014,157.252,75.5801,0d 1h 15m 34s
192,10,2886.13,28837.6,488,4880,351.4,3514,136.6,1366,27.9918,27.9918,,19686,,1.14065,1.54817,0.870698,1687.97,4126.62,32.6002,27.1749,2.32,1.85,154.77,188.993,73.3851,0d 1h 13m 23s
193,10,2399.16,23972.6,488,4880,292.1,2921,195.9,1959,40.1434,40.1434,,39596,,1.07004,2.90258,0.870818,2064.58,3907.55,40.9723,34.7099,4.295,3.75,198.953,207.372,79.1169,0d 1h 19m 7s
194,10,2398.3,23961.5,488,4880,292,2920,196,1960,40.1639,40.1639,,39857,,1.09676,2.70923,0.870286,1671.59,4871.35,39.2364,30.8779,4.435,3.75,165.652,205.36,78.1941,0d 1h 18m 11s
195,10,2595.13,25913.2,488,4880,316,3160,172,1720,35.2459,35.2459,,37,,1.17194,2.03073,0.856948,1077.85,3619.74,25.5278,18.9389,3.31,1.85,106.977,142.104,73.0519,0d 1h 13m 3s
196,10,2629.12,26263.5,488,4880,320.1,3201,167.9,1679,34.4057,34.4057,,8024,,1.11412,1.93298,0.870707,1738.99,3724.89,28.2515,26.0127,3.115,2.85,135.462,163.179,76.3114,0d 1h 16m 18s
197,10,2454.2,24525.2,488,4880,298.8,2988,189.2,1892,38.7705,38.7705,,51525,,1.09653,2.12348,0.817546,1694.09,3723.99,35.5702,29.4953,3.925,3.75,154.824,174.429,76.1929,0d 1h 16m 11s
198,10,2458.03,24554.6,488,4880,299.3,2993,188.7,1887,38.668,38.668,,59405,,1.16781,1.93542,0.871003,1590.36,3619.62,33.4334,30.0486,3.19,2.85,155.123,186.421,74.1428,0d 1h 14m 8s
199,10,2565.07,25631.8,488,4880,312.3,3123,175.7,1757,36.0041,36.0041,,23844,,1.18792,1.64478,0.868795,2257.01,4480.87,33.7196,30.5454,2.32,1.85,184.495,208.648,73.602,0d 1h 13m 36s
200,10,1962.16,19601,488,4880,238.9,2389,249.1,2491,51.0451,51.0451,,26347,,1.04922,2.90269,0.871051,1950.08,4151.63,46.9502,42.278,4.84,4.75,189.643,224.095,81.526,0d 1h 21m 31s

,Min,=MIN(C3:C202),=MIN(D3:D202),=MIN(E3:E202),=MIN(F3:F202),=MIN(G3:G202),=MIN(H3:H202),=MIN(I3:I202),=MIN(J3:J202),=MIN(K3:K202),=MIN(L3:L202),,=MIN(N3:N202),,=MIN(P3:P202),=MIN(Q3:Q202),=MIN(R3:R202),=MIN(S3:S202),=MIN(T3:T202),=MIN(U3:U202),=MIN(V3:V202),=MIN(W3:W202),=MIN(X3:X202),=MIN(Y3:Y202),=MIN(Z3:Z202),=MIN(AA3:AA202)
,Max,=MAX(C3:C202),=MAX(D3:D202),=MAX(E3:E202),=MAX(F3:F202),=MAX(G3:G202),=MAX(H3:H202),=MAX(I3:I202),=MAX(J3:J202),=MAX(K3:K202),=MAX(L3:L202),,=MAX(N3:N202),,=MAX(P3:P202),=MAX(Q3:Q202),=MAX(R3:R202),=MAX(S3:S202),=MAX(T3:T202),=MAX(U3:U202),=MAX(V3:V202),=MAX(W3:W202),=MAX(X3:X202),=MAX(Y3:Y202),=MAX(Z3:Z202),=MAX(AA3:AA202)
,Average,=AVERAGE(C3:C202),=AVERAGE(D3:D202),=AVERAGE(E3:E202),=AVERAGE(F3:F202),=AVERAGE(G3:G202),=AVERAGE(H3:H202),=AVERAGE(I3:I202),=AVERAGE(J3:J202),=AVERAGE(K3:K202),=AVERAGE(L3:L202),,=AVERAGE(N3:N202),,=AVERAGE(P3:P202),=AVERAGE(Q3:Q202),=AVERAGE(R3:R202),=AVERAGE(S3:S202),=AVERAGE(T3:T202),=AVERAGE(U3:U202),=AVERAGE(V3:V202),=AVERAGE(W3:W202),=AVERAGE(X3:X202),=AVERAGE(Y3:Y202),=AVERAGE(Z3:Z202),=AVERAGE(AA3:AA202)
,Median,=MEDIAN(C3:C202),=MEDIAN(D3:D202),=MEDIAN(E3:E202),=MEDIAN(F3:F202),=MEDIAN(G3:G202),=MEDIAN(H3:H202),=MEDIAN(I3:I202),=MEDIAN(J3:J202),=MEDIAN(K3:K202),=MEDIAN(L3:L202),,=MEDIAN(N3:N202),,=MEDIAN(P3:P202),=MEDIAN(Q3:Q202),=MEDIAN(R3:R202),=MEDIAN(S3:S202),=MEDIAN(T3:T202),=MEDIAN(U3:U202),=MEDIAN(V3:V202),=MEDIAN(W3:W202),=MEDIAN(X3:X202),=MEDIAN(Y3:Y202),=MEDIAN(Z3:Z202),=MEDIAN(AA3:AA202)
,Std. deviation,=STDEV(C3:C202)/SQRT(200),=STDEV(D3:D202)/SQRT(200),=STDEV(E3:E202)/SQRT(200),=STDEV(F3:F202)/SQRT(200),=STDEV(G3:G202)/SQRT(200),=STDEV(H3:H202)/SQRT(200),=STDEV(I3:I202)/SQRT(200),=STDEV(J3:J202)/SQRT(200),=STDEV(K3:K202)/SQRT(200),=STDEV(L3:L202)/SQRT(200),,=STDEV(N3:N202)/SQRT(200),,=STDEV(P3:P202)/SQRT(200),=STDEV(Q3:Q202)/SQRT(200),=STDEV(R3:R202)/SQRT(200),=STDEV(S3:S202)/SQRT(200),=STDEV(T3:T202)/SQRT(200),=STDEV(U3:U202)/SQRT(200),=STDEV(V3:V202)/SQRT(200),=STDEV(W3:W202)/SQRT(200),=STDEV(X3:X202)/SQRT(200),=STDEV(Y3:Y202)/SQRT(200),=STDEV(Z3:Z202)/SQRT(200),=STDEV(AA3:AA202)/SQRT(200)
